{
  "protocol_version" : "0.0.5",
  "configuration" : {
    "version" : "(6.8.0.105) (Debian 6.8.0.105+dfsg-2)",
    "tlc" : "__thread",
    "sigsgev" : "altstack",
    "notifications" : "epoll",
    "architecture" : "amd64",
    "disabled_features" : "none",
    "smallconfig" : "disabled",
    "bigarrays" : "disabled",
    "softdebug" : "enabled",
    "interpreter" : "enabled",
    "llvm_support" : "disabled",
    "suspend" : "hybrid"
  },
  "memory" : {
    "minor_gc_time" : "83773",
    "major_gc_time" : "3203",
    "minor_gc_count" : "1",
    "major_gc_count" : "1",
    "major_gc_time_concurrent" : "0"
 },
  "threads" : [
 {
    "is_managed" : true,
    "offset_free_hash" : "0x863f13fb5",
    "offset_rich_hash" : "0x863f1452a",
    "crashed" : false,
    "native_thread_id" : "0x7f9429081780",
    "thread_info_addr" : "0x557b1e2e45a0",
    "thread_name" : "mono",
    "ctx" : {
      "IP" : "0x7f941d0672f1",
      "SP" : "0x7ffe88f7bbe0",
      "BP" : "0x7ffe88f7bc80"
  },
    "managed_frames" : [
  {
      "is_managed" : "false",
      "native_address" : "unregistered"
   }
,
  {
      "is_managed" : "true",
      "guid" : "4CE25068-867F-42E3-8ACD-13206BC1E3CD",
      "token" : "0x00000",
      "native_offset" : "0x0",
      "filename" : "gdk-sharp.dll",
      "sizeofimage" : "0x40000",
      "timestamp" : "0x0",
      "il_offset" : "0x00015"
   }
,
  {
      "is_managed" : "true",
      "guid" : "4CE25068-867F-42E3-8ACD-13206BC1E3CD",
      "token" : "0x6000624",
      "native_offset" : "0x0",
      "filename" : "gdk-sharp.dll",
      "sizeofimage" : "0x40000",
      "timestamp" : "0x0",
      "il_offset" : "0x00013"
   }
,
  {
      "is_managed" : "true",
      "guid" : "4CE25068-867F-42E3-8ACD-13206BC1E3CD",
      "token" : "0x600062b",
      "native_offset" : "0x0",
      "filename" : "gdk-sharp.dll",
      "sizeofimage" : "0x40000",
      "timestamp" : "0x0",
      "il_offset" : "0x00000"
   }
,
  {
      "is_managed" : "true",
      "guid" : "4CE25068-867F-42E3-8ACD-13206BC1E3CD",
      "token" : "0x600062c",
      "native_offset" : "0x0",
      "filename" : "gdk-sharp.dll",
      "sizeofimage" : "0x40000",
      "timestamp" : "0x0",
      "il_offset" : "0x00010"
   }
,
  {
      "is_managed" : "true",
      "guid" : "4CE25068-867F-42E3-8ACD-13206BC1E3CD",
      "token" : "0x600062d",
      "native_offset" : "0x0",
      "filename" : "gdk-sharp.dll",
      "sizeofimage" : "0x40000",
      "timestamp" : "0x0",
      "il_offset" : "0x00011"
   }
,
  {
      "is_managed" : "true",
      "guid" : "4CE25068-867F-42E3-8ACD-13206BC1E3CD",
      "token" : "0x60005f3",
      "native_offset" : "0x0",
      "filename" : "gdk-sharp.dll",
      "sizeofimage" : "0x40000",
      "timestamp" : "0x0",
      "il_offset" : "0x00006"
   }
,
  {
      "is_managed" : "true",
      "guid" : "4CE25068-867F-42E3-8ACD-13206BC1E3CD",
      "token" : "0x60004e6",
      "native_offset" : "0x0",
      "filename" : "gdk-sharp.dll",
      "sizeofimage" : "0x40000",
      "timestamp" : "0x0",
      "il_offset" : "0x0000b"
   }
,
  {
      "is_managed" : "true",
      "guid" : "D07ABE89-B0C1-405C-A613-EAF73991F472",
      "token" : "0x600072e",
      "native_offset" : "0x0",
      "filename" : "Pinta.Core.dll",
      "sizeofimage" : "0x6a000",
      "timestamp" : "0x0",
      "il_offset" : "0x0000a"
   }
,
  {
      "is_managed" : "true",
      "guid" : "D07ABE89-B0C1-405C-A613-EAF73991F472",
      "token" : "0x60003e7",
      "native_offset" : "0x0",
      "filename" : "Pinta.Core.dll",
      "sizeofimage" : "0x6a000",
      "timestamp" : "0x0",
      "il_offset" : "0x0003d"
   }
,
  {
      "is_managed" : "true",
      "guid" : "1B3FF345-7FF6-412B-9678-2DE825379D42",
      "token" : "0x6000034",
      "native_offset" : "0x0",
      "filename" : "Pinta.exe",
      "sizeofimage" : "0x48000",
      "timestamp" : "0x0",
      "il_offset" : "0x0018b"
   }
,
  {
      "is_managed" : "true",
      "guid" : "1B3FF345-7FF6-412B-9678-2DE825379D42",
      "token" : "0x00000",
      "native_offset" : "0x0",
      "filename" : "Pinta.exe",
      "sizeofimage" : "0x48000",
      "timestamp" : "0x0",
      "il_offset" : "0x0002a"
   }
,
  {
      "is_managed" : "false",
      "native_address" : "unregistered"
   }
,
  {
      "is_managed" : "true",
      "guid" : "12B418A7-818C-4CA0-893F-EEAAF67F1E7F",
      "token" : "0x00000",
      "native_offset" : "0x0",
      "filename" : "mscorlib.dll",
      "sizeofimage" : "0x49e000",
      "timestamp" : "0x0",
      "il_offset" : "0x0000c"
   }
,
  {
      "is_managed" : "true",
      "guid" : "12B418A7-818C-4CA0-893F-EEAAF67F1E7F",
      "token" : "0x6000f94",
      "native_offset" : "0x0",
      "filename" : "mscorlib.dll",
      "sizeofimage" : "0x49e000",
      "timestamp" : "0x0",
      "il_offset" : "0x00000"
   }
,
  {
      "is_managed" : "true",
      "guid" : "12B418A7-818C-4CA0-893F-EEAAF67F1E7F",
      "token" : "0x6006636",
      "native_offset" : "0x0",
      "filename" : "mscorlib.dll",
      "sizeofimage" : "0x49e000",
      "timestamp" : "0x0",
      "il_offset" : "0x00000"
   }
,
  {
      "is_managed" : "true",
      "guid" : "918680A3-1AA8-4CB8-9CFA-7CAB56EA29B8",
      "token" : "0x6000243",
      "native_offset" : "0x0",
      "filename" : "glib-sharp.dll",
      "sizeofimage" : "0x1c000",
      "timestamp" : "0x0",
      "il_offset" : "0x0006d"
   }
,
  {
      "is_managed" : "true",
      "guid" : "918680A3-1AA8-4CB8-9CFA-7CAB56EA29B8",
      "token" : "0x600028d",
      "native_offset" : "0x0",
      "filename" : "glib-sharp.dll",
      "sizeofimage" : "0x1c000",
      "timestamp" : "0x0",
      "il_offset" : "0x0000c"
   }
,
  {
      "is_managed" : "true",
      "guid" : "918680A3-1AA8-4CB8-9CFA-7CAB56EA29B8",
      "token" : "0x600028f",
      "native_offset" : "0x0",
      "filename" : "glib-sharp.dll",
      "sizeofimage" : "0x1c000",
      "timestamp" : "0x0",
      "il_offset" : "0x0006c"
   }
,
  {
      "is_managed" : "true",
      "guid" : "918680A3-1AA8-4CB8-9CFA-7CAB56EA29B8",
      "token" : "0x00000",
      "native_offset" : "0x0",
      "filename" : "glib-sharp.dll",
      "sizeofimage" : "0x1c000",
      "timestamp" : "0x0",
      "il_offset" : "0xffffffff"
   }
,
  {
      "is_managed" : "false",
      "native_address" : "unregistered"
   }
,
  {
      "is_managed" : "true",
      "guid" : "91487213-BF39-4F4A-AF87-012594ABED2F",
      "token" : "0x00000",
      "native_offset" : "0x0",
      "filename" : "gtk-sharp.dll",
      "sizeofimage" : "0x162000",
      "timestamp" : "0x0",
      "il_offset" : "0x0000c"
   }
,
  {
      "is_managed" : "true",
      "guid" : "91487213-BF39-4F4A-AF87-012594ABED2F",
      "token" : "0x6004129",
      "native_offset" : "0x0",
      "filename" : "gtk-sharp.dll",
      "sizeofimage" : "0x162000",
      "timestamp" : "0x0",
      "il_offset" : "0x00000"
   }
,
  {
      "is_managed" : "true",
      "guid" : "1B3FF345-7FF6-412B-9678-2DE825379D42",
      "token" : "0x600029d",
      "native_offset" : "0x0",
      "filename" : "Pinta.exe",
      "sizeofimage" : "0x48000",
      "timestamp" : "0x0",
      "il_offset" : "0x001f9"
   }
,
  {
      "is_managed" : "true",
      "guid" : "1B3FF345-7FF6-412B-9678-2DE825379D42",
      "token" : "0x00000",
      "native_offset" : "0x0",
      "filename" : "Pinta.exe",
      "sizeofimage" : "0x48000",
      "timestamp" : "0x0",
      "il_offset" : "0x0002a"
   }

  ],
  "unmanaged_frames" : [
 {
    "is_managed" : "false",
    "native_address" : "0x557b1c51fe72",
    "native_offset" : "0x00000"
  }
,
 {
    "is_managed" : "false",
    "native_address" : "0x557b1c712d39",
    "native_offset" : "0x00000"
  }
,
 {
    "is_managed" : "false",
    "native_address" : "0x557b1c713f72",
    "native_offset" : "0x00000"
  }
,
 {
    "is_managed" : "false",
    "native_address" : "0x557b1c71d6b7",
    "native_offset" : "0x00000"
  }
,
 {
    "is_managed" : "false",
    "native_address" : "0x557b1c574379",
    "native_offset" : "0x00000"
  }
,
 {
    "is_managed" : "false",
    "native_address" : "0x7f94292a83c0",
    "native_offset" : "0x00000"
  }
,
 {
    "is_managed" : "false",
    "native_address" : "0x7f941d0672f1",
    "native_offset" : "0x00000"
  }

 ]
},
{
  "is_managed" : true,
  "offset_free_hash" : "0xeae31791",
  "offset_rich_hash" : "0xeae318c8",
  "crashed" : true,
  "native_thread_id" : "0x7f94286e7700",
  "thread_info_addr" : "0x7f9420000b60",
  "thread_name" : "Finalizer",
  "ctx" : {
    "IP" : "0x7f94249d0efe",
    "SP" : "0x7f94286e6a70",
    "BP" : "(nil)"
 },
  "managed_frames" : [
 {
    "is_managed" : "false",
    "native_address" : "unregistered"
  }
,
 {
    "is_managed" : "true",
    "guid" : "918680A3-1AA8-4CB8-9CFA-7CAB56EA29B8",
    "token" : "0x00000",
    "native_offset" : "0x0",
    "filename" : "glib-sharp.dll",
    "sizeofimage" : "0x1c000",
    "timestamp" : "0x0",
    "il_offset" : "0x0000c"
  }
,
 {
    "is_managed" : "true",
    "guid" : "918680A3-1AA8-4CB8-9CFA-7CAB56EA29B8",
    "token" : "0x60002ac",
    "native_offset" : "0x0",
    "filename" : "glib-sharp.dll",
    "sizeofimage" : "0x1c000",
    "timestamp" : "0x0",
    "il_offset" : "0x00010"
  }
,
 {
    "is_managed" : "true",
    "guid" : "918680A3-1AA8-4CB8-9CFA-7CAB56EA29B8",
    "token" : "0x60000ff",
    "native_offset" : "0x0",
    "filename" : "glib-sharp.dll",
    "sizeofimage" : "0x1c000",
    "timestamp" : "0x0",
    "il_offset" : "0x00015"
  }
,
 {
    "is_managed" : "true",
    "guid" : "918680A3-1AA8-4CB8-9CFA-7CAB56EA29B8",
    "token" : "0x60000f9",
    "native_offset" : "0x0",
    "filename" : "glib-sharp.dll",
    "sizeofimage" : "0x1c000",
    "timestamp" : "0x0",
    "il_offset" : "0x000dc"
  }
,
 {
    "is_managed" : "true",
    "guid" : "918680A3-1AA8-4CB8-9CFA-7CAB56EA29B8",
    "token" : "0x60000fe",
    "native_offset" : "0x0",
    "filename" : "glib-sharp.dll",
    "sizeofimage" : "0x1c000",
    "timestamp" : "0x0",
    "il_offset" : "0x00000"
  }
,
 {
    "is_managed" : "true",
    "guid" : "918680A3-1AA8-4CB8-9CFA-7CAB56EA29B8",
    "token" : "0x60000e8",
    "native_offset" : "0x0",
    "filename" : "glib-sharp.dll",
    "sizeofimage" : "0x1c000",
    "timestamp" : "0x0",
    "il_offset" : "0x00000"
  }
,
 {
    "is_managed" : "true",
    "guid" : "12B418A7-818C-4CA0-893F-EEAAF67F1E7F",
    "token" : "0x00000",
    "native_offset" : "0x0",
    "filename" : "mscorlib.dll",
    "sizeofimage" : "0x49e000",
    "timestamp" : "0x0",
    "il_offset" : "0x0002a"
  }

 ],
"unmanaged_frames" : [
{
  "is_managed" : "false",
  "native_address" : "0x557b1c51fe72",
  "native_offset" : "0x00000"
 }
,
{
  "is_managed" : "false",
  "native_address" : "0x557b1c712d39",
  "native_offset" : "0x00000"
 }
,
{
  "is_managed" : "false",
  "native_address" : "0x557b1c713f72",
  "native_offset" : "0x00000"
 }
,
{
  "is_managed" : "false",
  "native_address" : "0x557b1c71d7fc",
  "native_offset" : "0x00000"
 }
,
{
  "is_managed" : "false",
  "native_address" : "0x557b1c57507f",
  "native_offset" : "0x00000"
 }
,
{
  "is_managed" : "false",
  "native_address" : "0x557b1c575250",
  "native_offset" : "0x00000"
 }
,
{
  "is_managed" : "false",
  "native_address" : "0x557b1c522129",
  "native_offset" : "0x00000"
 }
,
{
  "is_managed" : "false",
  "native_address" : "0x557b1c56e9c1",
  "native_offset" : "0x00000"
 }
,
{
  "is_managed" : "false",
  "native_address" : "0x7f94249d0efe",
  "native_offset" : "0x00000"
 }

]
}
]
}